{
  "pPept": {
    "beta": 919.0519961816898,
    "K": 1.235897752419108,
    "n": 1.3694324448432917,
    "leaky": 82.08525761662436,
    "_mode": "rep",
    "_aic": 25.511410602350452,
    "_r_squared": 0.999817388635275
  },
  "pLR": {
    "beta": 3507.3721330275494,
    "K": 44.679059932886815,
    "n": 9.999999999847331,
    "leaky": 0.013873714138863846,
    "_mode": "act",
    "_aic": 80.35585652405217,
    "_r_squared": 0.9046997469017294
  }
}