{
  "alpha": 1295.5887248017023,
  "Kd": 48155.709246634695,
  "leaky": 0.0,
  "mse": 104.06719035734271,
  "r_squared": 0.9995148682753543
}